CREATE TABLE `testclub`.`airports` (  `id_airport` VARCHAR(45) NOT NULL,  `dutyFree` VARCHAR(45) NOT NULL,  `priorityBoarding` VARCHAR(45) NOT NULL,  PRIMARY KEY (`id_airport`));
  INSERT INTO `testclub`.`airports` (`id_airport`, `dutyFree`, `priorityBoarding`) VALUES ('London', 'yes', 'yes');
  INSERT INTO `testclub`.`airports` (`id_airport`, `dutyFree`, `priorityBoarding`) VALUES ('Paris',	'yes',	'yes');
  INSERT INTO `testclub`.`airports` (`id_airport`, `dutyFree`, `priorityBoarding`) VALUES ('Sydney', 'no', 'no');
  INSERT INTO `testclub`.`airports` (`id_airport`, `dutyFree`, `priorityBoarding`) VALUES ('Berlin', 'yes', 'no');
  INSERT INTO `testclub`.`airports` (`id_airport`, `dutyFree`, `priorityBoarding`) VALUES ('Munich', 'yes', 'no');
  INSERT INTO `testclub`.`airports` (`id_airport`, `dutyFree`, `priorityBoarding`) VALUES ('New-York', 'yes', 'yes');
  INSERT INTO `testclub`.`airports` (`id_airport`, `dutyFree`, `priorityBoarding`) VALUES ('Kiev', 'yes', 'yes');
  INSERT INTO `testclub`.`airports` (`id_airport`, `dutyFree`, `priorityBoarding`) VALUES ('Budapest', 'yes', 'no');
  INSERT INTO `testclub`.`airports` (`id_airport`, `dutyFree`, `priorityBoarding`) VALUES ('Beijing', 'no', 'yes');
  INSERT INTO `testclub`.`airports` (`id_airport`, `dutyFree`, `priorityBoarding`) VALUES ('Prague', 'yes', 'yes');
  INSERT INTO `testclub`.`airports` (`id_airport`, `dutyFree`, `priorityBoarding`) VALUES ('Helsinki', 'no', 'no');
  INSERT INTO `testclub`.`airports` (`id_airport`, `dutyFree`, `priorityBoarding`) VALUES ('Ottava', 'no', 'no');
  INSERT INTO `testclub`.`airports` (`id_airport`, `dutyFree`, `priorityBoarding`) VALUES ('Vilnius', 'yes', 'yes');
  INSERT INTO `testclub`.`airports` (`id_airport`, `dutyFree`, `priorityBoarding`) VALUES ('Milan', 'yes', 'yes');
  INSERT INTO `testclub`.`airports` (`id_airport`, `dutyFree`, `priorityBoarding`) VALUES ('Barcelona', 'yes', 'no');
 CREATE TABLE `testclub`.`flight` (  `flightNumber` INT NOT NULL,  `departureAirport` VARCHAR(45) NOT NULL,  `arrivalAirport` VARCHAR(45) NOT NULL,  `stopsNumber` INT NOT NULL,  `averageTicketPrice` INT NOT NULL,  `availableSeats` INT NOT NULL,  PRIMARY KEY (`flightNumber`));
INSERT INTO `testclub`.`flight` (`flightNumber`, `departureAirport`, `arrivalAirport`, `stopsNumber`, `averageTicketPrice`, `availableSeats`) VALUES ('1001', 'London', 'Munich', '0', '90', '12');
INSERT INTO `testclub`.`flight` (`flightNumber`, `departureAirport`, `arrivalAirport`, `stopsNumber`, `averageTicketPrice`, `availableSeats`) VALUES ('1002', 'London', 'New York', '1',	'300', '0');
INSERT INTO `testclub`.`flight` (`flightNumber`, `departureAirport`, `arrivalAirport`, `stopsNumber`, `averageTicketPrice`, `availableSeats`) VALUES ('1003', 'London',	'Ottava', '1',  '290', '2');
INSERT INTO `testclub`.`flight` (`flightNumber`, `departureAirport`, `arrivalAirport`, `stopsNumber`, `averageTicketPrice`, `availableSeats`) VALUES ('1004', 'London',	'Milan', '0', '45', '33');
INSERT INTO `testclub`.`flight` (`flightNumber`, `departureAirport`, `arrivalAirport`, `stopsNumber`, `averageTicketPrice`, `availableSeats`) VALUES ('1005', 'New York','Sydney', '2',	'681',	'17');
INSERT INTO `testclub`.`flight` (`flightNumber`, `departureAirport`, `arrivalAirport`, `stopsNumber`, `averageTicketPrice`, `availableSeats`) VALUES ('1006', 'New York', 'Kiev', '1	', '220', '80');
INSERT INTO `testclub`.`flight` (`flightNumber`, `departureAirport`, `arrivalAirport`, `stopsNumber`, `averageTicketPrice`, `availableSeats`) VALUES ('1007', 'New York', 'Milan', '1',	'440',	'1');
INSERT INTO `testclub`.`flight` (`flightNumber`, `departureAirport`, `arrivalAirport`, `stopsNumber`, `averageTicketPrice`, `availableSeats`) VALUES ('1008', 'New York', 'Barcelona', '0', '375', '14');
INSERT INTO `testclub`.`flight` (`flightNumber`, `departureAirport`, `arrivalAirport`, `stopsNumber`, `averageTicketPrice`, `availableSeats`) VALUES ('1009', 'New York', 'Prague',	'1', '410',	'21');
INSERT INTO `testclub`.`flight` (`flightNumber`, `departureAirport`, `arrivalAirport`, `stopsNumber`, `averageTicketPrice`, `availableSeats`) VALUES ('1010', 'New York', 'Helsinki', '1', '200', '5');
INSERT INTO `testclub`.`flight` (`flightNumber`, `departureAirport`, `arrivalAirport`, `stopsNumber`, `averageTicketPrice`, `availableSeats`) VALUES ('1011', 'Budapest', 'London',	'0', '15',	'47');
INSERT INTO `testclub`.`flight` (`flightNumber`, `departureAirport`, `arrivalAirport`, `stopsNumber`, `averageTicketPrice`, `availableSeats`) VALUES ('1012', 'Budapest', 'Kiev', '0', '39',	'0');
INSERT INTO `testclub`.`flight` (`flightNumber`, `departureAirport`, `arrivalAirport`, `stopsNumber`, `averageTicketPrice`, `availableSeats`) VALUES ('1013', 'Budapest', 'Vilnius',	'0', '50',	'11');
INSERT INTO `testclub`.`flight` (`flightNumber`, `departureAirport`, `arrivalAirport`, `stopsNumber`, `averageTicketPrice`, `availableSeats`) VALUES ('1014', 'Beijing',	'Helsinki',	'2', '190',	'33');
INSERT INTO `testclub`.`flight` (`flightNumber`, `departureAirport`, `arrivalAirport`, `stopsNumber`, `averageTicketPrice`, `availableSeats`) VALUES ('1015', 'Beijing',	'Barcelona', '1', '149', '13');
INSERT INTO `testclub`.`flight` (`flightNumber`, `departureAirport`, `arrivalAirport`, `stopsNumber`, `averageTicketPrice`, `availableSeats`) VALUES ('1016', 'Sydney',	'Berlin', '1',	'800',	'13');
INSERT INTO `testclub`.`flight` (`flightNumber`, `departureAirport`, `arrivalAirport`, `stopsNumber`, `averageTicketPrice`, `availableSeats`) VALUES ('1017', 'Sydney',	'Munich', '1',	'1200',	'13');
INSERT INTO `testclub`.`flight` (`flightNumber`, `departureAirport`, `arrivalAirport`, `stopsNumber`, `averageTicketPrice`, `availableSeats`) VALUES ('1018', 'Sydney',	'Milan', '1', '1000',	'9');
INSERT INTO `testclub`.`flight` (`flightNumber`, `departureAirport`, `arrivalAirport`, `stopsNumber`, `averageTicketPrice`, `availableSeats`) VALUES ('1019', 'Paris',	'Ottava',	'1', '999',	'2');
INSERT INTO `testclub`.`flight` (`flightNumber`, `departureAirport`, `arrivalAirport`, `stopsNumber`, `averageTicketPrice`, `availableSeats`) VALUES ('1020', 'Paris',	'Vilnius',	'0', '67',	'3');
INSERT INTO `testclub`.`flight` (`flightNumber`, `departureAirport`, `arrivalAirport`, `stopsNumber`, `averageTicketPrice`, `availableSeats`) VALUES ('1021', 'Paris',	'Helsinki',	'0', '95',	'10');
INSERT INTO `testclub`.`flight` (`flightNumber`, `departureAirport`, `arrivalAirport`, `stopsNumber`, `averageTicketPrice`, `availableSeats`) VALUES ('1022', 'Paris',	'New York',	'0', '212',	'10');
INSERT INTO `testclub`.`flight` (`flightNumber`, `departureAirport`, `arrivalAirport`, `stopsNumber`, `averageTicketPrice`, `availableSeats`) VALUES ('1023', 'Kiev',	'New York',	'2', '220',	'25');
INSERT INTO `testclub`.`flight` (`flightNumber`, `departureAirport`, `arrivalAirport`, `stopsNumber`, `averageTicketPrice`, `availableSeats`) VALUES ('1024', 'Kiev',	'Milan',	'0', '99',	'8');
INSERT INTO `testclub`.`flight` (`flightNumber`, `departureAirport`, `arrivalAirport`, `stopsNumber`, `averageTicketPrice`, `availableSeats`) VALUES ('1025', 'Munich', 'London', '0', '15',	'0');
INSERT INTO `testclub`.`flight` (`flightNumber`, `departureAirport`, `arrivalAirport`, `stopsNumber`, `averageTicketPrice`, `availableSeats`) VALUES ('1026', 'Ottava',	'Vilnius',	'1', '333',	'0');
INSERT INTO `testclub`.`flight` (`flightNumber`, `departureAirport`, `arrivalAirport`, `stopsNumber`, `averageTicketPrice`, `availableSeats`) VALUES ('1027', 'Ottava',	'Milan',	'1', '310',	'1');
INSERT INTO `testclub`.`flight` (`flightNumber`, `departureAirport`, `arrivalAirport`, `stopsNumber`, `averageTicketPrice`, `availableSeats`) VALUES ('1028', 'Ottava',	'Barcelona', '1', '310', '4');
INSERT INTO `testclub`.`flight` (`flightNumber`, `departureAirport`, `arrivalAirport`, `stopsNumber`, `averageTicketPrice`, `availableSeats`) VALUES ('1029', 'Berlin',	'Kiev', '0', '87',	'7');
INSERT INTO `testclub`.`flight` (`flightNumber`, `departureAirport`, `arrivalAirport`, `stopsNumber`, `averageTicketPrice`, `availableSeats`) VALUES ('1030', 'Prague',	'Helsinki',	'1', '87',	'23');
INSERT INTO `testclub`.`flight` (`flightNumber`, `departureAirport`, `arrivalAirport`, `stopsNumber`, `averageTicketPrice`, `availableSeats`) VALUES ('1031', 'Barcelona', 'Ottava',	'1', '310',	'6');
INSERT INTO `testclub`.`flight` (`flightNumber`, `departureAirport`, `arrivalAirport`, `stopsNumber`, `averageTicketPrice`, `availableSeats`) VALUES ('1032', 'Helsinki', 'Budapest', '0', '94',	'8');
INSERT INTO `testclub`.`flight` (`flightNumber`, `departureAirport`, `arrivalAirport`, `stopsNumber`, `averageTicketPrice`, `availableSeats`) VALUES ('1033', 'Milan',	'Beijing',	'2', '190',	'0');
INSERT INTO `testclub`.`flight` (`flightNumber`, `departureAirport`, `arrivalAirport`, `stopsNumber`, `averageTicketPrice`, `availableSeats`) VALUES ('1034', 'Milan',	'Sydney',	'2', '725',	'2');
INSERT INTO `testclub`.`flight` (`flightNumber`, `departureAirport`, `arrivalAirport`, `stopsNumber`, `averageTicketPrice`, `availableSeats`) VALUES ('1035', 'Vilnius',	'Munich',	'0', '41',	'100');
INSERT INTO `testclub`.`flight` (`flightNumber`, `departureAirport`, `arrivalAirport`, `stopsNumber`, `averageTicketPrice`, `availableSeats`) VALUES ('2001', 'London', 'Munich', '0', '90', '8');
INSERT INTO `testclub`.`flight` (`flightNumber`, `departureAirport`, `arrivalAirport`, `stopsNumber`, `averageTicketPrice`, `availableSeats`) VALUES ('3001', 'London', 'Munich', '0', '90', '6');
CREATE TABLE `testclub`.`airlanes` (  `flightNumber` INT NOT NULL,  `airline` VARCHAR(45) NOT NULL,  `additionalSpaceService` VARCHAR(45) NOT NULL,  `webRegistration` VARCHAR(45) NOT NULL,  `isMealincluded` VARCHAR(45) NOT NULL,  PRIMARY KEY (`flightNumber`));
  INSERT INTO `testclub`.`airlanes` (`flightNumber`, `airline`, `additionalSpaceService`, `webRegistration`, `isMealincluded`) VALUES ('1001', 'WizzAir', 'yes', 'no', 'no');
  INSERT INTO `testclub`.`airlanes` (`flightNumber`, `airline`, `additionalSpaceService`, `webRegistration`, `isMealincluded`) VALUES ('1002', 'WizzAir', 'no',	'no',	'no');
  INSERT INTO `testclub`.`airlanes` (`flightNumber`, `airline`, `additionalSpaceService`, `webRegistration`, `isMealincluded`) VALUES ('1003', 'Lufthansa',	'no', 'yes', 'no');
  INSERT INTO `testclub`.`airlanes` (`flightNumber`, `airline`, `additionalSpaceService`, `webRegistration`, `isMealincluded`) VALUES ('1004', 'Lufthansa',	'yes',	'yes',	'yes');
  INSERT INTO `testclub`.`airlanes` (`flightNumber`, `airline`, `additionalSpaceService`, `webRegistration`, `isMealincluded`) VALUES ('1005', 'Lufthansa',	'no',	'no',	'yes');
  INSERT INTO `testclub`.`airlanes` (`flightNumber`, `airline`, `additionalSpaceService`, `webRegistration`, `isMealincluded`) VALUES ('1006', 'Lufthansa',	'yes',	'no', 'yes');
  INSERT INTO `testclub`.`airlanes` (`flightNumber`, `airline`, `additionalSpaceService`, `webRegistration`, `isMealincluded`) VALUES ('1007', 'Windrose Aero',	'yes',	'no',	'yes');
  INSERT INTO `testclub`.`airlanes` (`flightNumber`, `airline`, `additionalSpaceService`, `webRegistration`, `isMealincluded`) VALUES ('1008', 'Windrose Aero',	'yes',	'no',	'yes');
  INSERT INTO `testclub`.`airlanes` (`flightNumber`, `airline`, `additionalSpaceService`, `webRegistration`, `isMealincluded`) VALUES ('1009', 'WizzAir', 'no',	'no',	'no');
  INSERT INTO `testclub`.`airlanes` (`flightNumber`, `airline`, `additionalSpaceService`, `webRegistration`, `isMealincluded`) VALUES ('1010', 'Cathay Pacific',	'no', 'yes', 'yes');
  INSERT INTO `testclub`.`airlanes` (`flightNumber`, `airline`, `additionalSpaceService`, `webRegistration`, `isMealincluded`) VALUES ('1011', 'Cathay Pacific',	'yes',	'yes',	'no');
  INSERT INTO `testclub`.`airlanes` (`flightNumber`, `airline`, `additionalSpaceService`, `webRegistration`, `isMealincluded`) VALUES ('1012', 'Austrian Airlines',	'no',	'yes',	'yes');
  INSERT INTO `testclub`.`airlanes` (`flightNumber`, `airline`, `additionalSpaceService`, `webRegistration`, `isMealincluded`) VALUES ('1013', 'AirAsia',	'no',	'yes',	'yes');
  INSERT INTO `testclub`.`airlanes` (`flightNumber`, `airline`, `additionalSpaceService`, `webRegistration`, `isMealincluded`) VALUES ('1014', 'Virgin',	'no', 'yes', 'yes');
  INSERT INTO `testclub`.`airlanes` (`flightNumber`, `airline`, `additionalSpaceService`, `webRegistration`, `isMealincluded`) VALUES ('1015', 'Virgin',	'yes',	'no',	'no');
  INSERT INTO `testclub`.`airlanes` (`flightNumber`, `airline`, `additionalSpaceService`, `webRegistration`, `isMealincluded`) VALUES ('1016', 'Virgin',	'yes', 'yes', 'no');
  INSERT INTO `testclub`.`airlanes` (`flightNumber`, `airline`, `additionalSpaceService`, `webRegistration`, `isMealincluded`) VALUES ('1017', 'AirAsia', 'no',	'no',	'no');
  INSERT INTO `testclub`.`airlanes` (`flightNumber`, `airline`, `additionalSpaceService`, `webRegistration`, `isMealincluded`) VALUES ('1018', 'Emirates',	'yes',	'yes',	'yes');
  INSERT INTO `testclub`.`airlanes` (`flightNumber`, `airline`, `additionalSpaceService`, `webRegistration`, `isMealincluded`) VALUES ('1019', 'Ryanair',	'no',	'no',	'no');
  INSERT INTO `testclub`.`airlanes` (`flightNumber`, `airline`, `additionalSpaceService`, `webRegistration`, `isMealincluded`) VALUES ('1020', 'AirAsia',	'yes',	'no',	'yes');
  INSERT INTO `testclub`.`airlanes` (`flightNumber`, `airline`, `additionalSpaceService`, `webRegistration`, `isMealincluded`) VALUES ('1021', 'Windrose Aero',	'no',	'no',	'no');
  INSERT INTO `testclub`.`airlanes` (`flightNumber`, `airline`, `additionalSpaceService`, `webRegistration`, `isMealincluded`) VALUES ('1022', 'WizzAir',	'no',	'no',	'no');
  INSERT INTO `testclub`.`airlanes` (`flightNumber`, `airline`, `additionalSpaceService`, `webRegistration`, `isMealincluded`) VALUES ('1023', 'AirAsia',	'yes',	'yes',	'yes'); 
  INSERT INTO `testclub`.`airlanes` (`flightNumber`, `airline`, `additionalSpaceService`, `webRegistration`, `isMealincluded`) VALUES ('1024', 'AirAsia',	'no',	'no',	'no');
  INSERT INTO `testclub`.`airlanes` (`flightNumber`, `airline`, `additionalSpaceService`, `webRegistration`, `isMealincluded`) VALUES ('1025', 'Emirates',	'yes',	'yes',	'yes');
  INSERT INTO `testclub`.`airlanes` (`flightNumber`, `airline`, `additionalSpaceService`, `webRegistration`, `isMealincluded`) VALUES ('1026', 'WizzAir',	'yes',	'no',	'yes');
  INSERT INTO `testclub`.`airlanes` (`flightNumber`, `airline`, `additionalSpaceService`, `webRegistration`, `isMealincluded`) VALUES ('1027', 'Emirates',	'no',	'yes',	'no');
  INSERT INTO `testclub`.`airlanes` (`flightNumber`, `airline`, `additionalSpaceService`, `webRegistration`, `isMealincluded`) VALUES ('1028', 'Austrian Airlines',	'no',	'no',	'no');
  INSERT INTO `testclub`.`airlanes` (`flightNumber`, `airline`, `additionalSpaceService`, `webRegistration`, `isMealincluded`) VALUES ('1029', 'Turkish Airlines',	'yes',	'yes',	'yes'); 
  INSERT INTO `testclub`.`airlanes` (`flightNumber`, `airline`, `additionalSpaceService`, `webRegistration`, `isMealincluded`) VALUES ('1030', 'Air France',	'yes',	'no',	'no'); 
  INSERT INTO `testclub`.`airlanes` (`flightNumber`, `airline`, `additionalSpaceService`, `webRegistration`, `isMealincluded`) VALUES ('1031', 'Air France',	'yes',	'no',	'yes');
  INSERT INTO `testclub`.`airlanes` (`flightNumber`, `airline`, `additionalSpaceService`, `webRegistration`, `isMealincluded`) VALUES ('1032', 'Air France',	'yes',	'yes',	'no');
  INSERT INTO `testclub`.`airlanes` (`flightNumber`, `airline`, `additionalSpaceService`, `webRegistration`, `isMealincluded`) VALUES ('1033', 'Air France',	'no',	'yes',	'no');
  INSERT INTO `testclub`.`airlanes` (`flightNumber`, `airline`, `additionalSpaceService`, `webRegistration`, `isMealincluded`) VALUES ('1034', 'WizzAir',	'no',	'yes',	'yes');
  INSERT INTO `testclub`.`airlanes` (`flightNumber`, `airline`, `additionalSpaceService`, `webRegistration`, `isMealincluded`) VALUES ('1035', 'Ryanair',	'no',	'yes',	'no');